"PHOTO_ID","LATITUDE","LONGITUDE","ACCURACY"
"479072328",65.81723,15.099849,12
"6890214202",53.476963,-2.254343,14
"5548513100",51.221535,1.40243,14
"3517895187",43.566277,5.121345,12
"6103434782",-21.036205,55.217075,16
"274356585",41.85063,-74.92263,16
"7165421968",37.83389,-122.263054,16
"6987936235",52.63306,-1.695472,16
"7055334683",25.329287,-80.990524,12
"6909246954",25.329287,-80.990524,12
"7122123389",25.329287,-80.990524,12
"4351630796",34.416832,-119.6935,16
"6909245100",25.329287,-80.990524,12
"7122125869",25.329287,-80.990524,12
"7078450939",25.329287,-80.990524,12
"6976042730",25.329287,-80.990524,12
"6977148931",25.329287,-80.990524,12
"6998109049",25.329287,-80.990524,12
"6988623499",25.329287,-80.990524,12
"153442423",49.425156,-122.517296,11
"6976174214",25.329287,-80.990524,12
"7238290742",25.324787,-80.99705,11
"7238296558",25.324787,-80.99705,11
"2684313552",42.66048,-70.61542,14
"6854323120",25.329287,-80.990524,12
"7352973434",25.330063,-80.99705,13
"7122128231",25.329287,-80.990524,12
"6909247442",25.329287,-80.990524,12
"6112957515",42.73724,-84.54905,15
"4744635189",40.44474,-80.01392,15
"6991588735",25.329287,-80.990524,12
"6821357090",25.329287,-80.990524,12
"6997516198",25.329287,-80.990524,12
"6997518362",25.329287,-80.990524,12
"7352787876",25.330063,-80.99705,13
"7242736938",25.330063,-80.99705,13
"6821305192",25.329287,-80.990524,12
"6998120281",25.329287,-80.990524,12
"7055332255",25.329287,-80.990524,12
"6852008986",25.329287,-80.990524,12
"6852004256",25.329287,-80.990524,12
"7222329658",25.324787,-80.99705,11
"7211849430",25.324787,-80.99705,11
"6980088185",25.329287,-80.990524,12
"7218652452",25.324787,-80.99705,11
"7188372252",25.324787,-80.99705,11
"7269104090",25.330063,-80.99705,13
"7269591986",25.330063,-80.99705,13
"7188376490",25.324787,-80.99705,11
"6980088939",25.329287,-80.990524,12
"7172892256",25.324787,-80.99705,11
"6830999296",25.329287,-80.990524,12
"6831000942",25.329287,-80.990524,12
"4010141576",41.393536,-72.40524,14
"7352759228",25.330063,-80.99705,13
"7302660838",25.330063,-80.99705,13
"7051011751",25.329287,-80.990524,12
"7211843774",25.324787,-80.99705,11
"6854321580",25.329287,-80.990524,12
"7211856360",25.324787,-80.99705,11
"7303231284",25.330063,-80.99705,13
"6313935718",36.100227,-112.08357,15
"6904918728",25.329287,-80.990524,12
"6977166437",25.329287,-80.990524,12
"7167552747",25.330063,-80.99705,13
"7184102838",25.324787,-80.99705,11
"7218562238",25.324787,-80.99705,11
"7242221252",25.330063,-80.99705,13
"7223015402",25.324787,-80.99705,11
"6854322470",25.329287,-80.990524,12
"7172775032",25.324787,-80.99705,11
"4936269384",46.72046,-92.06187,14
"1339029021",43.844772,-69.56058,13
"5285827716",40.70693,-73.98811,11
"539774365",25.190573,55.229042,16
"6711132513",42.344868,-83.435455,14
"2649863747",35.805603,51.428677,16
"2647827616",35.805603,51.428677,16
"2489656063",35.806133,51.430832,16
"2103853117",35.1465,-90.03665,16
"2966112699",35.80567,51.429256,16
"4323035776",55.704086,13.194043,16
"5161746718",40.72835,-73.98713,15
"3231174080",46.271156,6.841049,12
"498919738",44.973423,-93.22485,15
"5851594581",34.070972,-118.40338,15
"4513975790",30.25347,-96.004715,13
"543380930",40.966843,-74.13322,16
"5066174039",37.75241,-122.39652,16
"2917128140",25.95816,-80.23878,14
"303623154",26.304495,73.02887,8
"2916322119",25.95816,-80.23878,14
"2917171392",25.95816,-80.23878,14
"2916327001",25.95816,-80.23878,14
"994941366",52.543182,13.544347,16
"3756130430",48.853146,2.347603,16
"2604126058",40.751297,-74.00287,16
"6354043401",49.18181,-0.366765,16
"6864663235",48.3786,-113.34314,11
"5192478853",30.039337,-95.39138,15
"6354583127",49.18181,-0.366765,16
"6354217279",49.18181,-0.366765,16
"6354365861",49.18181,-0.366765,16
"6354288447",49.18181,-0.366765,16
"5193080072",30.039337,-95.39138,15
"6863529124",49.17761,-0.356733,15
"6354133269",49.18181,-0.366765,16
"6354111957",49.18181,-0.366765,16
"6354197899",49.18181,-0.366765,16
"6354421739",49.18181,-0.366765,16
"7009958061",49.17761,-0.356733,15
"5749452294",49.896294,-97.2224,13
"6354169555",49.18181,-0.366765,16
"6354037491",49.18181,-0.366765,16
"6354093207",49.18181,-0.366765,16
"6354200781",49.18181,-0.366765,16
"6354324755",49.18181,-0.366765,16
"6354352185",49.18181,-0.366765,16
"5472498010",49.27036,-123.106384,16
"6354444367",49.18181,-0.366765,16
"441105022",42.51928,-90.66689,16
"6354145137",49.18181,-0.366765,16
"6354570029",49.18181,-0.366765,16
"6354279265",49.18181,-0.366765,16
"6354397835",49.18181,-0.366765,16
"454857364",5.972582,80.42576,12
"3127349223",-34.018307,151.06017,14
"4841225081",55.82956,37.632305,16
"208046943",52.759464,-3.260707,12
"661021347",5.972582,80.42576,12
"7202622730",50.613354,-2.45347,16
"7202620792",50.613354,-2.45347,16
"6277509285",52.289673,-1.535274,16
"6278028760",52.289673,-1.535274,16
"2135951436",52.202427,0.11623,16
"5680282292",52.48157,-1.903472,16
"2135929330",52.202427,0.11623,16
"2135096087",52.202427,0.11623,16
"4730408310",39.291927,-118.02913,12
"180938123",54.985317,-1.586183,16
"180929895",54.985317,-1.586183,16
"5852142328",34.070972,-118.40338,15
"2563365458",37.322094,-121.86103,16
"2293136861",37.79052,-122.40529,16
"3953963948",-23.569021,-46.658936,6
"5486653428",28.53823,-81.37739,11
"5460202152",28.53823,-81.37739,11
"5477622002",28.53823,-81.37739,11
"3550565021",55.657055,12.589141,16
"6896777466",37.989025,23.732529,16
"3210463326",37.9892,23.731895,16
"5937030744",43.668125,7.216095,16
"4251692167",52.486668,-1.895581,16
"4016908271",52.176365,0.145096,14
"3258008333",48.10144,20.69232,15
"4365940419",45.465015,9.188014,16
"4366719114",45.465015,9.188014,16
"4469410657",48.88776,2.329874,14
"5465278697",46.34161,-74.22741,11
"5105936178",45.757942,4.832203,16
"4893782007",51.497753,-0.087912,16
"4893774443",51.497715,-0.087311,16
"4894378346",51.497227,-0.087922,16
"6082119847",-34.15928,151.06165,14
"5934421051",55.84646,-4.316318,14
"5769973451",37.120975,-113.38324,13
"3838792113",55.868504,-4.290572,15
"3802874247",55.868504,-4.290572,15
"6951815266",25.329287,-80.990524,12
"6951817452",25.329287,-80.990524,12
"7097887977",25.329287,-80.990524,12
"5496918733",48.832664,2.283922,15
"4368469913",41.380417,2.19381,15
"5789034499",52.50695,6.100687,16
"5035913625",52.48062,-1.885432,16
"5636075840",43.652473,-79.36858,14
"3952545162",38.859627,-104.912224,12
"253056960",49.28738,-122.9868,16
"499506064",34.470364,132.48439,16
"499555155",34.470352,132.48439,16
"6014672873",53.339325,-6.25823,16
"2953041116",26.102827,-80.1433,16
"3508498373",43.76695,-70.297485,16
"6448223973",51.523872,-0.158593,16
"4427437652",40.78392,-73.95841,12
"5495880511",37.96895,23.728151,15
"6157848040",35.37142,-120.8582,16
"6157839726",35.364975,-120.85744,16
"6157307549",35.37147,-120.8583,16
"6157314041",35.354103,-120.86223,16
"6157303851",35.365005,-120.85734,16
"4306302280",47.627453,-122.203674,10
"5870376807",52.467827,-1.922897,16
"5870940082",52.467678,-1.922864,16
"5870378189",52.467827,-1.922897,16
"6448017807",51.523796,-0.15855,16
"3914768527",52.480396,-1.901804,16
"4465874912",39.772232,-86.14789,16
"4465098745",39.772232,-86.14789,16
"5307705094",50.50101,4.47684,2
"1280955422",50.06134,19.93864,14
"6102894799",-21.036205,55.217075,16
"6103437320",-21.036205,55.217075,16
"6102865659",-21.036167,55.217,16
"6103411096",-21.036167,55.217,16
"6103423244",-21.036167,55.217,16
"6102876333",-21.036167,55.217,16
"6103430544",-21.036205,55.217075,16
"6103425544",-21.036167,55.217,16
"6103435526",-21.036205,55.217075,16
"2747931851",40.67187,-73.99398,12
"188497228",35.708748,139.38269,12
"5013550075",28.472958,-81.47329,16
"6932367224",25.329287,-80.990524,12
"7122124893",25.329287,-80.990524,12
"7078445611",25.329287,-80.990524,12
"7221613656",25.324787,-80.99705,11
"7221616218",25.324787,-80.99705,11
"7352786940",25.330063,-80.99705,13
"7269192248",25.330063,-80.99705,13
"7218561532",25.324787,-80.99705,11
"7355937492",25.330063,-80.99705,13
"6997513402",25.329287,-80.990524,12
"7269106484",25.330063,-80.99705,13
"7255584960",25.330063,-80.99705,13
"6886494618",25.329287,-80.990524,12
"6886493272",25.329287,-80.990524,12
"7090949165",25.329287,-80.990524,12
"7222327032",25.324787,-80.99705,11
"6909244216",25.329287,-80.990524,12
"7172895486",25.324787,-80.99705,11
"7221614888",25.324787,-80.99705,11
"4708549292",22.22094,114.21438,12
"6976043690",25.329287,-80.990524,12
"6977161209",25.329287,-80.990524,12
"6932366862",25.329287,-80.990524,12
"6968073186",25.329287,-80.990524,12
"7355937010",25.330063,-80.99705,13
"7172766670",25.324787,-80.99705,11
"6845457878",25.329287,-80.990524,12
"7198762644",25.324787,-80.99705,11
"6944881016",25.329287,-80.990524,12
"6909239914",25.329287,-80.990524,12
"6852005830",25.329287,-80.990524,12
"6944886526",25.329287,-80.990524,12
"7058969109",25.329287,-80.990524,12
"7211862652",25.324787,-80.99705,11
"7211858426",25.324787,-80.99705,11
"7143571559",25.329287,-80.990524,12
"7269105266",25.330063,-80.99705,13
"6909250400",25.329287,-80.990524,12
"7218655420",25.324787,-80.99705,11
"6932370492",25.329287,-80.990524,12
"6833958746",25.329287,-80.990524,12
"6932380486",25.329287,-80.990524,12
"6947234435",25.329287,-80.990524,12
"7122125777",25.329287,-80.990524,12
"6831000322",25.329287,-80.990524,12
"7211866788",25.324787,-80.99705,11
"7051045909",25.329287,-80.990524,12
"7172762152",25.324787,-80.99705,11
"7221765848",25.324787,-80.99705,11
"7211852930",25.324787,-80.99705,11
"7353012308",25.330063,-80.99705,13
"7221769786",25.324787,-80.99705,11
"7255787602",25.330063,-80.99705,13
"6801127036",25.329287,-80.990524,12
"6866498494",25.329287,-80.990524,12
"6976044448",25.329287,-80.990524,12
"7114150037",25.329287,-80.990524,12
"7221643954",25.324787,-80.99705,11
"6833955792",25.329287,-80.990524,12
"6977168305",25.329287,-80.990524,12
"6833957190",25.329287,-80.990524,12
"7218560650",25.324787,-80.99705,11
"7167576699",25.330063,-80.99705,13
"4431220046",39.029984,-76.224945,13
"6977149955",25.329287,-80.990524,12
"7143604703",25.329287,-80.990524,12
"6571662607",38.34933,-81.638374,11
"6571663333",38.35019,-81.63899,11
"7263410692",41.763374,-72.67147,11
"502880803",37.014565,-112.00202,16
"897867627",36.759014,-77.847275,16
"4938555889",52.466167,0.951333,16
"262774807",53.463116,-2.291529,14
"2280311734",53.463448,-2.289297,15
"1259139992",34.64371,50.89064,9
"6123387472",35.673485,51.436462,16
"5420859841",36.257355,50.00066,16
"3956502230",49.43795,1.133796,16
"6221045148",50.800587,-0.038467,16
"3229184684",46.271156,6.841049,12
"267975094",49.27456,-123.06949,16
"2933133891",40.690617,-73.99586,15
"2916292499",25.95816,-80.23878,14
"2917125372",25.95816,-80.23878,14
"4898467465",48.853146,2.347603,16
"6354228151",49.18181,-0.366765,16
"6354181669",49.18181,-0.366765,16
"5192483835",30.039337,-95.39138,15
"6246645847",49.384655,8.568048,12
"6864887455",48.331882,-113.378654,11
"7009807833",49.17761,-0.356733,15
"6354414687",49.18181,-0.366765,16
"7009671785",49.17761,-0.356733,15
"7009805243",49.17761,-0.356733,15
"6354258861",49.18181,-0.366765,16
"6354357887",49.18181,-0.366765,16
"6354176391",49.18181,-0.366765,16
"7009923517",49.17761,-0.356733,15
"6354102457",49.18181,-0.366765,16
"6354566285",49.18181,-0.366765,16
"6354047623",49.18181,-0.366765,16
"3149842560",-34.018307,151.06017,14
"454860072",5.972582,80.42576,12
"5402859129",38.608135,-121.37893,14
"144369230",42.39627,-71.121475,14
"6278034072",52.289673,-1.535274,16
"2301513731",57.87991,-4.028913,16
"3893324405",39.29041,-118.02866,16
"203176001",51.481373,-0.118296,16
"4375798155",33.864216,-118.2546,12
"7034247607",33.77025,-117.867966,15
"5461447256",28.53823,-81.37739,11
"4009899340",35.510994,-97.592735,16
"4779103567",47.679893,-122.16406,13
"3309794670",37.975887,23.742243,16
"3471615294",37.9892,23.731895,16
"6152609757",-6.193461,106.82316,15
"7362376162",2.668712,98.83301,9
"5277044709",28.53823,-81.37739,11
"4514145019",29.730991,35.20294,16
"3551308148",55.657055,12.589141,16
"3553005609",55.657055,12.589141,16
"4366711016",45.465015,9.188014,16
"4365905987",45.465015,9.188014,16
"5111847203",52.5211,13.39684,16
"2450194490",42.4236,-71.18098,16
"7241586850",51.0059,-2.196439,16
"7241589002",51.0059,-2.196439,16
"304516308",56.017498,-4.729914,14
"3871585978",48.841454,2.253012,16
"3477375800",51.501442,0.005793,16
"4012183415",35.372066,-120.86688,16
"7237343782",25.324787,-80.99705,11
"7097885063",25.329287,-80.990524,12
"7223077022",25.324787,-80.99705,11
"7223080474",25.324787,-80.99705,11
"6939158236",25.329287,-80.990524,12
"7085239819",25.329287,-80.990524,12
"7085237305",25.329287,-80.990524,12
"7353034056",25.330063,-80.99705,13
"5497521230",48.832664,2.283922,15
"5496917733",48.832664,2.283922,15
"3956309436",52.482746,-1.892405,16
"5771882652",37.120975,-113.38324,13
"5953287550",35.70453,139.73518,16
"2952701621",26.13677,-80.10547,15
"1802126358",33.421806,-111.94279,13
"3935629380",35.012707,135.7511,12
"878616686",38.89043,-77.0097,13
"7275992840",-41.211502,174.79868,15
"2953038420",26.102827,-80.1433,16
"6448190913",51.523872,-0.158593,16
"6281512750",52.290207,-1.527904,16
"3775968956",53.83741,-1.733114,15
"4011697335",52.476704,-1.891568,16
"4012467432",52.476704,-1.891568,16
"5328558650",52.511765,-2.084248,16
"7178599304",50.975113,-2.710586,16
"3914776831",52.480396,-1.901804,16
"6157840530",35.365005,-120.85739,16
"6157844496",35.365005,-120.85734,16
"6157303181",35.365005,-120.85734,16
"6157859498",35.363934,-120.85706,16
"6924085101",32.539803,-94.75294,15
"5870380817",52.467678,-1.922864,16
"3914756539",52.480396,-1.901804,16
"7178627094",50.975113,-2.710586,16
"6280994863",52.290207,-1.527904,16
"5243793465",50.854668,4.343833,16
"875192965",50.364887,-4.143948,15
"6103436266",-21.036205,55.217075,16
"3542859169",41.399254,2.16984,15
"5235699354",41.63931,2.180786,11
"5013550809",28.472958,-81.47329,16
"4707921195",22.22094,114.21438,12
"6977165405",25.329287,-80.990524,12
"6851992152",25.329287,-80.990524,12
"7172771108",25.324787,-80.99705,11
"7352788474",25.330063,-80.99705,13
"7143599217",25.329287,-80.990524,12
"2837823418",53.37273,-6.272463,15
"7119139323",25.329287,-80.990524,12
"7167761819",25.330063,-80.99705,13
"7172901132",25.324787,-80.99705,11
"6932374390",25.329287,-80.990524,12
"4092993741",52.207592,0.115313,15
"6839977060",25.329287,-80.990524,12
"6976041130",25.329287,-80.990524,12
"7218654212",25.324787,-80.99705,11
"7030915465",25.329287,-80.990524,12
"6967459461",25.329287,-80.990524,12
"7198763858",25.324787,-80.99705,11
"6852004922",25.329287,-80.990524,12
"7090933953",25.329287,-80.990524,12
"7222328328",25.324787,-80.99705,11
"6757745867",-13.906075,-38.967133,9
"7090950165",25.329287,-80.990524,12
"6904956728",25.329287,-80.990524,12
"6944885992",25.329287,-80.990524,12
"7353011036",25.330063,-80.99705,13
"7303233470",25.330063,-80.99705,13
"7122126957",25.329287,-80.990524,12
"7114152625",25.329287,-80.990524,12
"7000441295",25.329287,-80.990524,12
"7255306448",25.330063,-80.99705,13
"7255305096",25.330063,-80.99705,13
"6967462261",25.329287,-80.990524,12
"7223016966",25.324787,-80.99705,11
"7078454961",25.329287,-80.990524,12
"6998114431",25.329287,-80.990524,12
"6977169663",25.329287,-80.990524,12
"6962241579",25.329287,-80.990524,12
"7051021195",25.329287,-80.990524,12
"6831039510",25.329287,-80.990524,12
"7221768542",25.324787,-80.99705,11
"7143572091",25.329287,-80.990524,12
"7353009616",25.330063,-80.99705,13
"7167800885",25.330063,-80.99705,13
"7303225158",25.330063,-80.99705,13
"6968080590",25.329287,-80.990524,12
"6980087295",25.329287,-80.990524,12
"7172902656",25.324787,-80.99705,11
"6968079582",25.329287,-80.990524,12
"7218656824",25.324787,-80.99705,11
"7255924574",25.330063,-80.99705,13
"6962241993",25.329287,-80.990524,12
"6851987690",25.329287,-80.990524,12
"6967477295",25.329287,-80.990524,12
"6977148373",25.329287,-80.990524,12
"6998120929",25.329287,-80.990524,12
"6997513010",25.329287,-80.990524,12
"535368424",42.336754,-71.098526,15
"3991870090",42.36717,-71.070404,16
"2453375667",35.806488,51.42964,16
"5113903409",34.64371,50.89064,9
"5113902711",34.647896,50.886612,9
"196805560",32.66597,51.65634,8
"2482233091",35.806255,51.429417,16
"464193132",35.707073,51.42493,16
"2465067578",35.805866,51.429512,16
"155355795",33.521076,36.30724,11
"50760249",50.835705,-0.293712,12
"3254229438",46.271156,6.841049,12
"3254228658",46.271156,6.841049,12
"4646773433",46.326187,6.783542,12
"3232336070",46.278275,6.854953,12
"3235188770",46.278275,6.854953,12
"5916239764",39.949886,-74.12128,14
"3230325475",46.271156,6.841049,12
"3231174176",46.271156,6.841049,12
"2917133388",25.95816,-80.23878,14
"2917130766",25.95816,-80.23878,14
"3417011432",42.542774,-71.77147,16
"3755332967",48.853146,2.347603,16
"6354528007",49.18181,-0.366765,16
"6354065115",49.18181,-0.366765,16
"6354417833",49.18181,-0.366765,16
"6354284875",49.18181,-0.366765,16
"6354186091",49.18181,-0.366765,16
"6354193615",49.18181,-0.366765,16
"5479007082",49.27036,-123.106384,16
"6354162693",49.18181,-0.366765,16
"6354387437",49.18181,-0.366765,16
"6354576181",49.18181,-0.366765,16
"6354034019",49.18181,-0.366765,16
"6354532425",49.18181,-0.366765,16
"6354598679",49.18181,-0.366765,16
"6354459809",49.18181,-0.366765,16
"6354502741",49.18181,-0.366765,16
"6354050259",49.18181,-0.366765,16
"1050572857",13.068024,80.24483,12
"4841226459",55.82956,37.632305,16
"4841877948",55.82956,37.632305,16
"4841261141",55.82956,37.632305,16
"4878888644",34.0416,-118.26714,15
"6647369813",-16.509834,-151.75867,16
"3532950250",40.685795,-73.9912,15
"6272740391",52.286583,-1.533665,16
"4436513664",52.292393,-1.779967,16
"5689122921",36.95044,-86.48506,9
"2135139773",52.202427,0.11623,16
"2135933126",52.202427,0.11623,16
"2135167525",52.202427,0.11623,16
"6345288225",57.475296,-4.22325,16
"6345288539",57.47458,-4.222548,15
"5815707027",44.552834,-119.80295,16
"5429327315",-22.301584,-49.077194,15
"3893344583",39.29041,-118.02866,16
"5234552708",39.568115,3.210239,12
"4829672652",40.714672,-73.98061,16
"4376537702",33.864216,-118.2546,12
"6941170642",41.322807,-71.82093,16
"4375801647",33.864216,-118.2546,12
"5535883766",18.445166,-77.22017,16
"5277630562",28.53823,-81.37739,11
"3471965138",37.9892,23.731895,16
"4252462702",52.486668,-1.895581,16
"4252460214",52.486668,-1.895581,16
"1581475250",45.445354,12.332239,16
"3038954769",52.51037,-3.438377,12
"4365989357",45.465015,9.188014,16
"5013458497",7.993957,98.28369,9
"3568582730",38.243668,-85.4945,16
"6687469409",37.671677,-121.91875,16
"5298279994",-33.86548,151.20723,16
"6762915583",-34.207756,150.90475,14
"280287442",25.689722,-80.33441,15
"4616062909",52.755974,0.392192,16
"5934421005",55.84646,-4.316318,14
"5961078650",43.713627,-79.77986,15
"3180367739",35.39227,-120.86602,14
"3838792219",55.868504,-4.290572,15
"5223431671",40.75583,-73.98648,16
"3164062635",45.49885,-73.580246,16
"6973631670",25.329287,-80.990524,12
"2600441525",46.39888,-105.82301,16
"3622573634",48.841442,2.253055,16
"3621755495",48.841442,2.253055,16
"6951821738",25.329287,-80.990524,12
"7353034984",25.330063,-80.99705,13
"5703135289",48.78848,9.232206,13
"4718167930",52.785633,-3.279178,12
"4734543735",18.56263,73.781784,16
"3934847853",35.012707,135.7511,12
"5641086026",45.20509,-93.40156,16
"6448187817",51.52368,-0.158486,16
"4178401408",51.218445,-1.598939,16
"7178581658",50.975113,-2.710586,16
"6448198093",51.523872,-0.158593,16
"6157836054",35.364975,-120.85744,16
"6157314785",35.354103,-120.86223,16
"6157845416",35.365005,-120.85734,16
"6157293455",35.364975,-120.85744,16
"5697638399",43.635315,-79.46821,16
"7178656018",50.975113,-2.710586,16
"6448020301",51.523796,-0.15855,16
"7178637522",50.975113,-2.710586,16
"3914763407",52.480396,-1.901804,16
"6281508638",52.290207,-1.527904,16
"5432656071",36.006893,139.9157,12
"5487533195",32.437965,-94.713905,13
"6797903627",32.532276,-94.78656,15
"6026792961",38.026592,-122.67883,12
"101756642",50.9281,6.9659,16
"4952334314",48.941837,8.40792,16
"6102884281",-21.036205,55.217075,16
"3574721708",41.399254,2.16984,15
"418199883",53.480762,-2.248324,16
"348193171",53.546135,-0.012595,14
"6977182125",25.329287,-80.990524,12
"6909246470",25.329287,-80.990524,12
"7122121049",25.329287,-80.990524,12
"7184099684",25.324787,-80.99705,11
"4708567482",22.22094,114.21438,12
"7153447397",25.329287,-80.990524,12
"7153446465",25.329287,-80.990524,12
"7062168197",25.329287,-80.990524,12
"6967444947",25.329287,-80.990524,12
"6831019562",25.329287,-80.990524,12
"6967445351",25.329287,-80.990524,12
"6997520846",25.329287,-80.990524,12
"4707911939",22.22094,114.21438,12
"2228742492",-34.61115,-58.365845,15
"7269107524",25.330063,-80.99705,13
"7221620282",25.324787,-80.99705,11
"7062166139",25.329287,-80.990524,12
"4708546022",22.22094,114.21438,12
"1402863773",52.268105,-1.319732,12
"3644773492",43.127407,-70.65109,16
"6967475669",25.329287,-80.990524,12
"6967469227",25.329287,-80.990524,12
"6932373426",25.329287,-80.990524,12
"7242744452",25.330063,-80.99705,13
"7242742056",25.330063,-80.99705,13
"7242735128",25.330063,-80.99705,13
"6821357664",25.329287,-80.990524,12
"6821354076",25.329287,-80.990524,12
"7198761390",25.324787,-80.99705,11
"6852009658",25.329287,-80.990524,12
"5115682828",39.03205,-76.208466,13
"7211851180",25.324787,-80.99705,11
"7211842970",25.324787,-80.99705,11
"7218656264",25.324787,-80.99705,11
"7153449835",25.329287,-80.990524,12
"6968074502",25.329287,-80.990524,12
"7218651692",25.324787,-80.99705,11
"6821344030",25.329287,-80.990524,12
"6912902036",25.329287,-80.990524,12
"7058995637",25.329287,-80.990524,12
"7221764578",25.324787,-80.99705,11
"7242226632",25.330063,-80.99705,13
"6886517692",25.329287,-80.990524,12
"6831042914",25.329287,-80.990524,12
"7242236088",25.324787,-80.99705,11
"7211845618",25.324787,-80.99705,11
"6839965838",25.329287,-80.990524,12
"7172756954",25.324787,-80.99705,11
"6944885472",25.329287,-80.990524,12
"6909241166",25.329287,-80.990524,12
"7211864450",25.324787,-80.99705,11
"7303221294",25.330063,-80.99705,13
"7303235584",25.330063,-80.99705,13
"7269108150",25.330063,-80.99705,13
"6851998014",25.329287,-80.990524,12
"6821306254",25.329287,-80.990524,12
"7221612032",25.324787,-80.99705,11
"4591183226",37.093166,-121.542336,16
"6912863874",25.329287,-80.990524,12
"6831043562",25.329287,-80.990524,12
"7114159547",25.329287,-80.990524,12
"7078447323",25.329287,-80.990524,12
"7170183819",25.330063,-80.99705,13
"6997515956",25.329287,-80.990524,12
"6904927574",25.329287,-80.990524,12
"7242223804",25.330063,-80.99705,13
"6831030454",25.329287,-80.990524,12
"6851985522",25.329287,-80.990524,12
"6977131527",25.329287,-80.990524,12
"6980095209",25.329287,-80.990524,12
"6997520840",25.329287,-80.990524,12
"6997519144",25.329287,-80.990524,12
"2631185370",53.46354,-2.289512,16
"6711132377",42.344868,-83.435455,14
"3230647374",43.653103,-79.399956,16
"3260631484",38.908653,-77.04029,16
"4726713870",40.729305,-73.98806,16
"884101376",35.75783,51.409794,14
"3862189166",35.718018,51.42714,14
"5866583015",35.805283,51.427807,16
"2706101206",44.79475,5.105295,12
"5491558603",40.772236,-73.984436,16
"5823095519",26.48056,74.55803,11
"2676923516",54.439636,18.55,11
"2992559683",54.448135,18.555271,16
"3874656103",51.51745,-0.195608,14
"3643642439",-13.421009,-71.85065,16
"4141476506",-13.257887,-72.26717,16
"123640083",45.443752,10.689697,9
"2933990674",40.690617,-73.99586,15
"2916276913",25.95816,-80.23878,14
"2916278357",25.95816,-80.23878,14
"2788726598",35.38892,-120.861015,16
"2198481637",39.74196,-105.116325,14
"6555414513",51.507923,-0.099424,16
"2623261559",40.69491,-73.931465,14
"6354470999",49.18181,-0.366765,16
"5478405639",49.27036,-123.106384,16
"4444576795",30.020103,31.225225,16
"6354152117",49.18181,-0.366765,16
"6354060327",49.18181,-0.366765,16
"6354331653",49.18181,-0.366765,16
"6354522909",49.18181,-0.366765,16
"7009769051",49.17761,-0.356733,15
"7009898559",49.17761,-0.356733,15
"6354244043",49.18181,-0.366765,16
"5193074070",30.039337,-95.39138,15
"7009950685",49.17761,-0.356733,15
"6354076757",49.18181,-0.366765,16
"6863859954",49.17761,-0.356733,15
"7009786901",49.17761,-0.356733,15
"5479006992",49.27036,-123.106384,16
"6354593179",49.18181,-0.366765,16
"6354547481",49.18181,-0.366765,16
"6354393879",49.18181,-0.366765,16
"6354158137",49.18181,-0.366765,16
"6354105533",49.18181,-0.366765,16
"6026797877",38.026592,-122.67883,12
"476813523",6.931709,79.85601,11
"7202635954",50.613148,-2.453105,16
"6278036002",52.289673,-1.535274,16
"7202630610",50.613354,-2.45347,16
"12640010",44.0504,-123.0927,16
"6345287901",57.47616,-4.225573,15
"6346038166",57.47616,-4.225573,15
"2135905050",52.202427,0.11623,16
"7261890740",48.877155,2.365729,16
"5968508074",35.476128,-121.013824,16
"2827248617",-23.64295,-46.621857,10
"2810536004",-42.117325,148.34048,11
"369255345",40.711956,-74.01144,15
"4388892453",45.518044,-122.93615,13
"387261968",34.072285,-118.35786,16
"4376553694",33.864216,-118.2546,12
"7034247553",33.77025,-117.867966,15
"2521470795",35.805733,51.431595,16
"4376544754",33.864216,-118.2546,12
"5936473093",43.668125,7.216095,16
"4779738068",47.679893,-122.16406,13
"3551533838",55.657055,12.589141,16
"5477544084",28.53823,-81.37739,11
"4779103483",47.679893,-122.16406,13
"2476210749",51.50098,-0.114578,16
"1580586085",45.445923,12.332743,16
"3350233083",33.992546,-118.47888,14
"4365982949",45.465015,9.188014,16
"4366670646",45.465015,9.188014,16
"219567965",-6.395312,106.756294,12
"782107041",40.579655,-73.56049,16
"18385810",52.628284,-2.478951,16
"5934983788",55.84646,-4.316318,14
"3871585744",48.841454,2.253012,16
"6555850683",-37.81688,144.96051,16
"2568197508",33.98617,-118.4698,15
"3838792015",55.868504,-4.290572,15
"5754537951",48.87868,2.284078,16
"3419895662",48.863922,2.332502,15
"7223066248",25.324787,-80.99705,11
"7100098557",25.329287,-80.990524,12
"5703650658",48.78848,9.232206,13
"7097878487",25.329287,-80.990524,12
"7097885977",25.329287,-80.990524,12
"5497517978",48.832664,2.283922,15
"5496923781",48.832664,2.283922,15
"5497514648",48.832664,2.283922,15
"3632686566",43.13529,-70.6612,16
"3951767577",38.859627,-104.912224,12
"2872857637",51.47609,-0.294485,13
"4758168832",51.759464,-1.257773,15
"5496477000",37.96895,23.728151,15
"3320926707",17.065727,-96.728355,12
"5624784253",60.451313,22.268772,13
"6448204547",51.523872,-0.158593,16
"7178605396",50.975113,-2.710586,16
"6157315587",35.363934,-120.85706,16
"6157841772",35.365005,-120.85734,16
"6157852350",35.365005,-120.85734,16
"7178651642",50.975113,-2.710586,16
"7178653864",50.975113,-2.710586,16
"5327944843",52.511765,-2.084248,16
"5328543468",52.511765,-2.084248,16
"6281509676",52.290207,-1.527904,16
"6281510756",52.290207,-1.527904,16
"5433266678",36.006893,139.9157,12
"6027351454",38.026592,-122.67883,12
"3144918794",50.824642,-0.148916,13
"4465098605",39.772232,-86.14789,16
"6103418646",-21.036167,55.217,16
"6102880445",-21.036167,55.217,16
"6102893167",-21.036205,55.217075,16
"6103432082",-21.036205,55.217075,16
"3542826499",41.399254,2.16984,15
"3542856483",41.399254,2.16984,15
"5115083715",39.03182,-76.209496,13
"6757668703",-13.914739,-38.98224,9
"6909237734",25.329287,-80.990524,12
"7122129099",25.329287,-80.990524,12
"6976041988",25.329287,-80.990524,12
"7055333975",25.329287,-80.990524,12
"7058990835",25.329287,-80.990524,12
"7355936634",25.330063,-80.99705,13
"7143606059",25.329287,-80.990524,12
"7172768722",25.324787,-80.99705,11
"7055338713",25.329287,-80.990524,12
"7222326190",25.324787,-80.99705,11
"7352972496",25.330063,-80.99705,13
"7221618778",25.324787,-80.99705,11
"3937162038",40.317966,-75.203606,14
"7255301516",25.330063,-80.99705,13
"6967480589",25.329287,-80.990524,12
"7055338105",25.329287,-80.990524,12
"7143604161",25.329287,-80.990524,12
"7153512507",25.329287,-80.990524,12
"6973544684",25.329287,-80.990524,12
"6991589757",25.329287,-80.990524,12
"6967429415",25.329287,-80.990524,12
"6961704008",25.329287,-80.990524,12
"6944877928",25.329287,-80.990524,12
"6757756967",-13.922737,-38.979492,9
"7000439225",25.329287,-80.990524,12
"7000450273",25.329287,-80.990524,12
"7062163151",25.329287,-80.990524,12
"6912848606",25.329287,-80.990524,12
"7303237816",25.330063,-80.99705,13
"7303240010",25.330063,-80.99705,13
"7114158075",25.329287,-80.990524,12
"6968070630",25.329287,-80.990524,12
"6833954676",25.329287,-80.990524,12
"7055333027",25.329287,-80.990524,12
"4708556160",22.22094,114.21438,12
"7255308446",25.330063,-80.99705,13
"6831005906",25.329287,-80.990524,12
"6831006736",25.329287,-80.990524,12
"6831004386",25.329287,-80.990524,12
"6831030814",25.329287,-80.990524,12
"6977151831",25.329287,-80.990524,12
"7058980441",25.329287,-80.990524,12
"6886492796",25.329287,-80.990524,12
"7211847714",25.324787,-80.99705,11
"7007427020",25.329287,-80.990524,12
"7184106654",25.324787,-80.99705,11
"7352784674",25.330063,-80.99705,13
"6977151137",25.329287,-80.990524,12
"7055328345",25.329287,-80.990524,12
"6997483338",25.329287,-80.990524,12
"7303227198",25.330063,-80.99705,13
"6839973846",25.329287,-80.990524,12
"6947235273",25.329287,-80.990524,12
"6967460791",25.329287,-80.990524,12
"6854328432",25.329287,-80.990524,12
"7242231736",25.324787,-80.99705,11
"7167551885",25.330063,-80.99705,13
"6962241735",25.329287,-80.990524,12
"6977168971",25.329287,-80.990524,12
"7172759388",25.324787,-80.99705,11
"6977168033",25.329287,-80.990524,12
"6904926702",25.329287,-80.990524,12
"7167549721",25.330063,-80.99705,13
"6821322182",25.329287,-80.990524,12
"6977183523",25.329287,-80.990524,12
"7172764398",25.324787,-80.99705,11
"4388900275",47.627453,-122.203674,10
"2424611846",40.82696,-73.92795,15
"6997684803",51.45426,-3.168976,15
"4878957167",41.477203,-71.33955,12
"898716844",36.759014,-77.847275,16
"7314422050",37.020664,-112.00665,15
"4497496",43.6603,-79.3772,16
"4942337889",50.42733,5.972614,16
"6028608278",35.690624,51.426144,12
"4786704010",40.177956,9.489698,12
"4434878406",33.98166,51.445885,12
"6061869684",35.675983,51.41892,16
"5426724270",28.483139,77.2837,15
"4432551211",39.7688,-86.1578,16
"3232336728",46.278275,6.854953,12
"3254228544",46.271156,6.841049,12
"3228334287",46.271156,6.841049,12
"5150523663",33.467606,-112.09756,12
"6661712513",51.510384,-0.098619,15
"519831995",41.293068,-82.222,15
"6176107387",48.8649,2.326848,15
"3625703991",43.08672,-79.06913,16
"5066777072",37.75241,-122.39652,16
"2916280673",25.95816,-80.23878,14
"2916290049",25.95816,-80.23878,14
"6354223083",49.18181,-0.366765,16
"6354372793",49.18181,-0.366765,16
"5017128224",49.10947,6.180356,16
"6354126839",49.18181,-0.366765,16
"6354378849",49.18181,-0.366765,16
"6354382935",49.18181,-0.366765,16
"6354553611",49.18181,-0.366765,16
"6354560613",49.18181,-0.366765,16
"5192489507",30.039337,-95.39138,15
"6247168576",49.384655,8.568048,12
"6354604023",49.18181,-0.366765,16
"6354338195",49.18181,-0.366765,16
"6354080509",49.18181,-0.366765,16
"6354149281",49.18181,-0.366765,16
"6354302683",49.18181,-0.366765,16
"6354319841",49.18181,-0.366765,16
"6354608227",49.18181,-0.366765,16
"6354449565",49.18181,-0.366765,16
"6354513623",49.18181,-0.366765,16
"6354489895",49.18181,-0.366765,16
"6354237103",49.18181,-0.366765,16
"6354538225",49.18181,-0.366765,16
"3149852166",-34.018307,151.06017,14
"18447578",-8.517193,115.24658,8
"4841227819",55.82956,37.632305,16
"4841877732",55.82956,37.632305,16
"4841294103",55.82956,37.632305,16
"4841963272",55.82956,37.632305,16
"476812876",5.972582,80.42576,12
"4307580220",38.893738,-110.444916,14
"6272996672",52.286045,-1.533483,16
"7202624752",50.613354,-2.45347,16
"7202626748",50.613354,-2.45347,16
"6278037276",52.289673,-1.535274,16
"4436504600",52.292393,-1.779967,16
"6686298881",52.68346,-1.83138,16
"180939172",54.985317,-1.586183,16
"242970338",40.41879,-3.704624,12
"4429011142",37.891056,-122.32318,11
"7341163920",45.673115,0.166951,16
"4829686208",40.714672,-73.98061,16
"4375793107",33.864216,-118.2546,12
"4376548058",33.864216,-118.2546,12
"2816877616",-8.773798,117.947845,16
"2511859142",35.80598,51.430305,16
"4376539520",33.864216,-118.2546,12
"7236580042",38.723286,34.8452,11
"4117448252",35.75396,51.368694,14
"5458463979",28.53823,-81.37739,11
"3209630605",37.9892,23.731895,16
"1431321544",35.293797,-120.643875,16
"2107531776",47.618004,-122.348,16
"2600452577",46.402622,-105.82182,16
"3470818499",37.9892,23.731895,16
"5937029824",43.668125,7.216095,16
"7210684558",37.025333,-76.44,16
"3294991949",18.93955,72.89772,16
"1580582673",45.445354,12.332239,16
"458280445",39.17028,-76.82115,15
"4365993667",45.465015,9.188014,16
"3722616419",46.043354,6.616247,16
"4897666557",45.647152,0.142065,16
"6781459807",42.06672,20.41105,11
"6762909837",-34.207756,150.90475,14
"4616666140",52.755974,0.392192,16
"4616659254",52.755974,0.392192,16
"4616060835",52.755974,0.392192,16
"3823404465",48.841442,2.253055,16
"6162628417",24.83457,89.37978,12
"2709157793",48.86106,2.330313,15
"7100106871",25.329287,-80.990524,12
"7085241767",25.329287,-80.990524,12
"5497515040",48.832664,2.283922,15
"3818689679",52.416115,-4.090003,12
"4012183057",35.372066,-120.86688,16
"5998907313",35.37594,-120.862946,16
"2873684082",51.47609,-0.294485,13
"6954339178",38.767685,-121.3323,16
"7190997046",50.715576,-2.43698,16
"6448206901",51.523872,-0.158593,16
"4011702143",52.476704,-1.891568,16
"6448185895",51.52368,-0.158486,16
"7178577896",50.975113,-2.710586,16
"4838614292",42.773228,-83.388115,12
"877767359",38.89043,-77.0097,13
"877768181",38.89043,-77.0097,13
"6157313339",35.354103,-120.86223,16
"6157300389",35.365005,-120.85734,16
"6157294829",35.364975,-120.85744,16
"6157850000",35.37147,-120.8583,16
"6157311953",35.354103,-120.86223,16
"3044573773",37.797134,-122.3952,15
"5870385783",52.467636,-1.922596,16
"5870375603",52.467827,-1.922897,16
"6337976222",52.477345,-1.890377,16
"5327940053",52.511765,-2.084248,16
"5328546356",52.511765,-2.084248,16
"7178573848",50.975113,-2.710586,16
"5327942127",52.511765,-2.084248,16
"4266339778",59.93274,30.30672,7
"3914773521",52.480396,-1.901804,16
"7178624992",50.975113,-2.710586,16
"5442411819",32.463207,-94.73202,13
"5183063362",53.428204,-2.087402,14
"4975965919",51.475628,-3.704431,15
"6102892525",-21.036205,55.217075,16
"6103439736",-21.036205,55.217075,16
"6103413854",-21.036167,55.217,16
"6102882787",-21.036205,55.217075,16
"6102873753",-21.036167,55.217,16
"3542831607",41.399254,2.16984,15
"6258824012",51.232525,-0.330791,15
"5353207348",52.28029,-1.584262,12
"7241614906",51.00612,-2.197716,16
"6841797780",52.633007,-1.695515,16
"6757734991",-13.9334,-38.952026,9
"6932368052",25.329287,-80.990524,12
"6932373894",25.329287,-80.990524,12
"7122120821",25.329287,-80.990524,12
"7218561170",25.324787,-80.99705,11
"7167575821",25.330063,-80.99705,13
"4707918075",22.22094,114.21438,12
"6977142323",25.329287,-80.990524,12
"7167577425",25.330063,-80.99705,13
"7007425886",25.329287,-80.990524,12
"6947213519",25.329287,-80.990524,12
"6976048010",25.329287,-80.990524,12
"7221617428",25.324787,-80.99705,11
"7122124043",25.329287,-80.990524,12
"6912900880",25.329287,-80.990524,12
"7352785234",25.330063,-80.99705,13
"7242740084",25.330063,-80.99705,13
"4708552010",22.22094,114.21438,12
"6986089081",25.329287,-80.990524,12
"6757712249",-13.850747,-38.976746,9
"6904956808",25.329287,-80.990524,12
"7167799583",25.330063,-80.99705,13
"7188381098",25.324787,-80.99705,11
"7255299828",25.330063,-80.99705,13
"7269104758",25.330063,-80.99705,13
"7172894050",25.324787,-80.99705,11
"7114153971",25.329287,-80.990524,12
"7114155471",25.329287,-80.990524,12
"7078424637",25.329287,-80.990524,12
"6977145475",25.329287,-80.990524,12
"6839966982",25.329287,-80.990524,12
"6976177550",25.329287,-80.990524,12
"6909245552",25.329287,-80.990524,12
"6909243530",25.329287,-80.990524,12
"6909237068",25.329287,-80.990524,12
"7058938121",25.329287,-80.990524,12
"6886518060",25.329287,-80.990524,12
"6886496370",25.329287,-80.990524,12
"7211861930",25.324787,-80.99705,11
"6831007676",25.329287,-80.990524,12
"7143599537",25.329287,-80.990524,12
"6944882818",25.329287,-80.990524,12
"6932381924",25.329287,-80.990524,12
"7058953355",25.329287,-80.990524,12
"7143575733",25.329287,-80.990524,12
"7143571169",25.329287,-80.990524,12
"7221767162",25.324787,-80.99705,11
"7269109422",25.330063,-80.99705,13
"7122122459",25.329287,-80.990524,12
"7172896508",25.324787,-80.99705,11
"7055341693",25.329287,-80.990524,12
"6831031990",25.329287,-80.990524,12
"7032596107",25.329287,-80.990524,12
"6976048774",25.329287,-80.990524,12
"6932352148",25.329287,-80.990524,12
"7172772576",25.324787,-80.99705,11
"7184097592",25.324787,-80.99705,11
"7172778154",25.324787,-80.99705,11
"6886509906",25.329287,-80.990524,12
"7032593433",25.329287,-80.990524,12
"6980094233",25.329287,-80.990524,12
"6831000080",25.329287,-80.990524,12
"6986096433",25.329287,-80.990524,12
"7172774140",25.324787,-80.99705,11
"5450218061",43.890568,-69.5782,16
"6571656189",38.34933,-81.63563,11
"6973699427",51.50987,-0.134407,16
"897863955",36.759014,-77.847275,16
"4502737",43.6603,-79.3772,16
"3552976503",35.586304,51.43582,14
"5814557317",31.092117,121.51617,16
"6955873996",9.21056,123.51242,8
"4328772620",36.269398,50.003586,12
"1257883669",31.892134,54.35829,9
"5492152298",40.772236,-73.984436,16
"4015362984",50.910046,5.357525,16
"3803687088",55.859825,-4.255283,16
"2933133617",40.690617,-73.99586,15
"183990066",-17.403023,-66.15399,16
"2854249966",51.523582,-0.158368,16
"6120353112",3.14766,101.70843,13
"3106502124",40.7501,-73.99015,14
"6844556362",51.248215,-0.307617,13
"2623261577",40.69491,-73.931465,14
"6354477703",49.18181,-0.366765,16
"5192491977",30.039337,-95.39138,15
"6354248829",49.18181,-0.366765,16
"5193090246",30.039337,-95.39138,15
"5476141572",49.27036,-123.106384,16
"6863594504",49.17761,-0.356733,15
"6354428177",49.18181,-0.366765,16
"6863740740",49.17761,-0.356733,15
"6354190583",49.18181,-0.366765,16
"6863781148",49.17761,-0.356733,15
"2453432135",37.786934,-122.41166,15
"6546293345",49.18411,-0.359794,16
"7009798701",49.17761,-0.356733,15
"6354465215",49.18181,-0.366765,16
"6354116677",49.18181,-0.366765,16
"6354543099",49.18181,-0.366765,16
"6354346473",49.18181,-0.366765,16
"6354483841",49.18181,-0.366765,16
"3149005709",-34.018307,151.06017,14
"476882335",5.972582,80.42576,12
"454842620",5.972582,80.42576,12
"476882349",5.972582,80.42576,12
"661004153",5.972582,80.42576,12
"5248916424",53.644028,-0.356712,10
"5955742986",53.636803,-0.78226,11
"6345288709",57.47466,-4.223256,15
"4466006989",32.232037,-110.94676,16
"2135914002",52.202427,0.11623,16
"180933388",54.985317,-1.586183,16
"3192674266",23.142885,-82.4057,8
"5595867862",17.968319,102.60898,16
"4376543012",33.864216,-118.2546,12
"4881503450",40.745537,-73.94737,16
"2064898873",34.05088,-5.000495,13
"4376529446",33.864216,-118.2546,12
"4376531212",33.864216,-118.2546,12
"5852142570",34.070972,-118.40338,15
"4376523652",33.864216,-118.2546,12
"5277019527",28.53823,-81.37739,11
"5476945521",28.53823,-81.37739,11
"5856620577",51.51891,-0.126384,16
"3552041292",55.657055,12.589141,16
"5529207537",18.470165,-77.40183,16
"522306666",36.910934,-80.321655,16
"5055240898",59.61661,17.721903,9
"2578233640",48.07328,-123.09734,12
"3553660726",55.657055,12.589141,16
"1581476378",45.445354,12.332239,16
"5158836884",50.810078,4.456286,16
"4893773053",51.497227,-0.087922,16
"3250394486",56.012104,92.91,12
"6082115369",-34.15928,151.06165,14
"6762918963",-34.207756,150.90475,14
"3823404303",48.841442,2.253055,16
"3823404709",48.841442,2.253055,16
"3824206756",48.841442,2.253055,16
"2599948250",35.374775,-120.86429,14
"3802871165",55.859825,-4.255283,16
"3811535566",55.84734,-4.313916,16
"2709971356",48.86106,2.330313,15
"2600442821",46.39888,-105.82301,16
"3621754949",48.841442,2.253055,16
"3622572790",48.841442,2.253055,16
"7223062254",25.324787,-80.99705,11
"6939159438",25.329287,-80.990524,12
"5496920869",48.832664,2.283922,15
"5732013768",51.47649,0.00163,13
"5035932399",52.48062,-1.885432,16
"2185454850",51.397667,-3.262081,15
"7345903556",41.869663,-71.34682,16
"4293689438",42.504192,-89.02641,16
"4292944941",42.504192,-89.02641,16
"6448219093",51.523872,-0.158593,16
"7178594920",50.975113,-2.710586,16
"4012462628",52.476704,-1.891568,16
"6280990485",52.290207,-1.527904,16
"6448213371",51.523872,-0.158593,16
"7178601418",50.975113,-2.710586,16
"7178592902",50.975113,-2.710586,16
"6448221711",51.523872,-0.158593,16
"7178607274",50.975113,-2.710586,16
"2947100463",5.574983,95.3009,7
"4270031180",44.42566,26.158533,14
"6157305803",35.37142,-120.8582,16
"6157309791",35.360737,-120.86181,16
"6219348780",32.53784,-94.75227,13
"6273231102",51.491314,-0.141046,16
"5870379475",52.467827,-1.922897,16
"5870945082",52.467667,-1.922307,16
"5527210623",52.477345,-1.890377,16
"7178649354",50.975113,-2.710586,16
"6448012917",51.523796,-0.15855,16
"6448015259",51.523796,-0.15855,16
"5327929965",52.511765,-2.084248,16
"7178571926",50.975113,-2.710586,16
"3915546270",52.480396,-1.901804,16
"3720209239",50.875916,-0.734882,12
"2368861823",39.12004,-77.169,14
"6168611920",51.04,-115.1375,16
"4465098501",39.772232,-86.14789,16
"875188405",50.364887,-4.143948,15
"6103424750",-21.036167,55.217,16
"5305995473",42.74594,-73.809265,15
"5347590472",49.003963,8.352988,15
"6102864103",-21.036167,55.217,16
"6102866397",-21.036167,55.217,16
"6103421264",-21.036167,55.217,16
"6103433320",-21.036205,55.217075,16
"6103424034",-21.036167,55.217,16
"6103433962",-21.036205,55.217075,16
"5352638347",52.28029,-1.584262,12
"4901099086",-1.824108,-80.755516,9
"6987924557",52.63306,-1.695483,16
"6757697513",-13.916072,-38.94928,9
"6932345714",25.329287,-80.990524,12
"6912881168",25.329287,-80.990524,12
"7114156101",25.329287,-80.990524,12
"5608477960",37.016903,-76.45585,15
"7218653000",25.324787,-80.99705,11
"7269195406",25.330063,-80.99705,13
"3675479725",43.788647,4.830014,14
"6980089505",25.329287,-80.990524,12
"6997516968",25.329287,-80.990524,12
"152386777",49.372536,-122.56399,11
"7222325096",25.324787,-80.99705,11
"7352972964",25.330063,-80.99705,13
"150884403",39.703716,-104.97149,16
"4688196352",40.602673,-75.46981,15
"3546140398",35.65435,-79.067314,14
"6967470941",25.329287,-80.990524,12
"6932350184",25.329287,-80.990524,12
"6909245972",25.329287,-80.990524,12
"6932347524",25.329287,-80.990524,12
"6833955154",25.329287,-80.990524,12
"7242234790",25.324787,-80.99705,11
"7242743238",25.330063,-80.99705,13
"7242738292",25.330063,-80.99705,13
"6947224221",25.329287,-80.990524,12
"6980095823",25.329287,-80.990524,12
"7090954839",25.329287,-80.990524,12
"6852006734",25.329287,-80.990524,12
"7238294602",25.324787,-80.99705,11
"6757768295",-13.930068,-38.952026,9
"6757687089",-13.907408,-38.9534,9
"6912858564",25.329287,-80.990524,12
"6912888108",25.329287,-80.990524,12
"7211860684",25.324787,-80.99705,11
"7211854720",25.324787,-80.99705,11
"6854327626",25.329287,-80.990524,12
"5013469271",20.562853,-86.97709,10
"6831573022",25.329287,-80.990524,12
"7188369690",25.324787,-80.99705,11
"7152832777",25.329287,-80.990524,12
"6968077758",25.329287,-80.990524,12
"6833958116",25.329287,-80.990524,12
"6912909962",25.329287,-80.990524,12
"4544426604",50.874275,0.009495,16
"7119698065",25.329287,-80.990524,12
"6968075206",25.329287,-80.990524,12
"7122127031",25.329287,-80.990524,12
"6839966332",25.329287,-80.990524,12
"6977166103",25.329287,-80.990524,12
"6912872018",25.329287,-80.990524,12
"6944863346",25.329287,-80.990524,12
"7167551115",25.330063,-80.99705,13
"6997483258",25.329287,-80.990524,12
"7167799941",25.330063,-80.99705,13
"7170746955",25.330063,-80.99705,13
"6831008780",25.329287,-80.990524,12
"7218562554",25.324787,-80.99705,11
"6944876384",25.329287,-80.990524,12
"7143575813",25.329287,-80.990524,12
"7303223150",25.330063,-80.99705,13
"6845459042",25.329287,-80.990524,12
"6821342176",25.329287,-80.990524,12
"6947233479",25.329287,-80.990524,12
"7167548329",25.330063,-80.99705,13
"7352761890",25.330063,-80.99705,13
"7078452499",25.329287,-80.990524,12
"6997520168",25.329287,-80.990524,12
"7352762492",25.330063,-80.99705,13
"7302661578",25.330063,-80.99705,13
"7032595081",25.329287,-80.990524,12
"7000438411",25.329287,-80.990524,12
"6831004982",25.329287,-80.990524,12
"6851987036",25.329287,-80.990524,12
"7172776646",25.324787,-80.99705,11
"7269197570",25.330063,-80.99705,13
"7170185797",25.330063,-80.99705,13
"3819562701",52.201767,0.115485,14
"238863149",41.6704,-86.25578,15
"2837626",45.43168,-73.94925,14
"5101352054",31.978333,34.863167,16
"504354910",52.082817,-2.313652,13
"4938565987",52.466167,0.951333,16
"4578419090",42.73382,-83.42125,14
"2064125038",41.016827,28.971344,16
"3732795824",35.80473,51.43111,14
"3772426562",44.363255,3.746852,14
"3253400205",46.271156,6.841049,12
"3254228422",46.271156,6.841049,12
"5916239978",39.949886,-74.12128,14
"3031867206",37.79755,-122.481445,16
"6962872685",42.959965,-85.64432,16
"2916285889",25.95816,-80.23878,14
"2917129626",25.95816,-80.23878,14
"2917134826",25.95816,-80.23878,14
"2917137450",25.95816,-80.23878,14
"5395424732",42.858128,3.038835,13
"6706482779",49.705963,10.259792,15
"4629457432",40.553528,-74.47769,12
"4308280438",32.07951,-85.337204,16
"3589709896",48.86364,2.336955,15
"2623261601",40.69491,-73.931465,14
"6354269549",49.18181,-0.366765,16
"6354290915",49.18181,-0.366765,16
"6354109221",49.18181,-0.366765,16
"6354140457",49.18181,-0.366765,16
"6354262271",49.18181,-0.366765,16
"6354085281",49.18181,-0.366765,16
"6354213099",49.18181,-0.366765,16
"6354252891",49.18181,-0.366765,16
"7009766813",49.17761,-0.356733,15
"6354518503",49.18181,-0.366765,16
"6354411089",49.18181,-0.366765,16
"5514602190",-8.781709,115.17734,16
"4841962412",55.82956,37.632305,16
"5281520390",11.971654,121.92129,12
"5020914182",34.081936,-118.34406,15
"5487727537",1.308868,103.817924,14
"7202634162",50.613354,-2.45347,16
"6277511239",52.289673,-1.535274,16
"7202628706",50.613354,-2.45347,16
"2135145327",52.202427,0.11623,16
"6345288373",57.474514,-4.22141,15
"6273258708",52.286583,-1.533665,16
"1527302856",21.321304,-157.87334,16
"5429933506",-22.350145,-49.05243,15
"4431574808",40.76416,-111.82588,13
"4450141786",34.959473,138.82384,12
"3271515087",40.7111,-74.01455,16
"2415406715",42.36772,-71.071526,15
"4449370117",34.959473,138.82384,12
"7188095217",3.144672,101.69754,15
"3553942589",28.24268,-16.838928,16
"4376551772",33.864216,-118.2546,12
"4375779121",33.864216,-118.2546,12
"4334680138",50.8305,-0.144029,16
"4376534494",33.864216,-118.2546,12
"2777664108",1.539188,103.67231,12
"4376532734",33.864216,-118.2546,12
"5361799713",28.53823,-81.37739,11
"3408550777",46.09672,7.222959,13
"3210726330",37.9892,23.731895,16
"4117093154",45.766727,4.833415,15
"5816601479",45.53571,-73.61543,15
"4537315111",33.489315,-112.06979,15
"453608091",27.152643,74.85809,12
"4365991563",45.465015,9.188014,16
"4366732250",45.465015,9.188014,16
"4365891367",45.465015,9.188014,16
"4678562961",43.649117,-79.38652,13
"5105329483",45.757942,4.832203,16
"4616054527",52.755974,0.392192,16
"421924767",48.92426,2.360107,14
"5754534777",48.87665,2.281545,16
"3839582136",55.868504,-4.290572,15
"7097889327",25.329287,-80.990524,12
"6951807874",25.329287,-80.990524,12
"7223064232",25.324787,-80.99705,11
"6939168454",25.329287,-80.990524,12
"7237376598",25.324787,-80.99705,11
"7237341744",25.324787,-80.99705,11
"7100474767",25.329287,-80.990524,12
"7100493647",25.329287,-80.990524,12
"5497520900",48.832664,2.283922,15
"5497513140",48.832664,2.283922,15
"4012183697",35.37134,-120.86545,16
"5036514096",52.48062,-1.885432,16
"5672821522",51.50573,-0.131857,15
"2873677734",51.47609,-0.294485,13
"499555909",34.46956,132.48381,16
"4932345520",29.953056,-90.06903,14
"7178603392",50.975113,-2.710586,16
"6448195601",51.523872,-0.158593,16
"6281513854",52.290207,-1.527904,16
"6448201917",51.523872,-0.158593,16
"7178609994",50.975113,-2.710586,16
"6157299277",35.365005,-120.85734,16
"6157837374",35.364975,-120.85744,16
"6157855906",35.354103,-120.86223,16
"6157297925",35.365005,-120.85739,16
"6157308323",35.365005,-120.85734,16
"6157853878",35.354103,-120.86223,16
"5870384519",52.467636,-1.922596,16
"4012785788",52.476715,-1.89085,16
"5327937687",52.511765,-2.084248,16
"5870374397",52.468018,-1.922661,16
"7178612122",50.975113,-2.710586,16
"7178597050",50.975113,-2.710586,16
"4276477534",35.680305,139.79765,16
"4276478832",35.680305,139.79765,16
"5441522320",51.35794,-1.376295,14
"463250437",51.481194,-0.190726,16
"5851594227",34.070972,-118.40338,15
"3309061169",37.975887,23.742243,16
"6103427194",-21.036205,55.217075,16
"6103431136",-21.036205,55.217075,16
"6103429136",-21.036205,55.217075,16
"6102867161",-21.036167,55.217,16
"6103432734",-21.036205,55.217075,16
"6103427898",-21.036205,55.217075,16
"6102874585",-21.036167,55.217,16
"422064038",43.691925,1.3554,16
"3574713150",41.399254,2.16984,15
"941032054",52.362366,9.72747,15
"6987937829",52.63306,-1.695408,16
"5013550749",28.472958,-81.47329,16
"7078453261",25.329287,-80.990524,12
"5213159529",9.374547,76.42948,11
"6980084139",25.329287,-80.990524,12
"7172897804",25.324787,-80.99705,11
"6932350762",25.329287,-80.990524,12
"7184091040",25.324787,-80.99705,11
"7269193650",25.330063,-80.99705,13
"4707916185",22.22094,114.21438,12
"153444626",49.36449,-122.56828,9
"7078444833",25.329287,-80.990524,12
"6912878370",25.329287,-80.990524,12
"7153513729",25.329287,-80.990524,12
"6997521422",25.329287,-80.990524,12
"7167763491",25.330063,-80.99705,13
"7255583584",25.330063,-80.99705,13
"7058988067",25.329287,-80.990524,12
"6831015422",25.329287,-80.990524,12
"6831057674",25.329287,-80.990524,12
"6821356130",25.329287,-80.990524,12
"6932346986",25.329287,-80.990524,12
"7269196510",25.330063,-80.99705,13
"7184092734",25.324787,-80.99705,11
"7242734070",25.330063,-80.99705,13
"7242731456",25.330063,-80.99705,13
"7122252629",25.329287,-80.990524,12
"7238292718",25.324787,-80.99705,11
"6757724307",-13.915406,-38.931427,9
"6912891600",25.329287,-80.990524,12
"7122251193",25.329287,-80.990524,12
"7143574051",25.329287,-80.990524,12
"7007358576",25.329287,-80.990524,12
"7007355770",25.329287,-80.990524,12
"7006740114",25.329287,-80.990524,12
"7006742494",25.329287,-80.990524,12
"7222132806",25.324787,-80.99705,11
"6980084671",25.329287,-80.990524,12
"6868672972",25.329287,-80.990524,12
"7122257443",25.329287,-80.990524,12
"7255303408",25.330063,-80.99705,13
"6821345824",25.329287,-80.990524,12
"6977146039",25.329287,-80.990524,12
"7000437491",25.329287,-80.990524,12
"6998131903",25.329287,-80.990524,12
"6886518934",25.329287,-80.990524,12
"6977150275",25.329287,-80.990524,12
"7211860090",25.324787,-80.99705,11
"7211842230",25.324787,-80.99705,11
"7143574309",25.329287,-80.990524,12
"7167802251",25.330063,-80.99705,13
"6830999636",25.329287,-80.990524,12
"7153514781",25.329287,-80.990524,12
"6976173632",25.329287,-80.990524,12
"6854319370",25.329287,-80.990524,12
"7303229564",25.330063,-80.99705,13
"6904929834",25.329287,-80.990524,12
"6904921166",25.329287,-80.990524,12
"7242232948",25.324787,-80.99705,11
"6991591125",25.329287,-80.990524,12
"7352757982",25.330063,-80.99705,13
"7143599043",25.329287,-80.990524,12
"6839971476",25.329287,-80.990524,12
"6997513500",25.329287,-80.990524,12
"7184094170",25.324787,-80.99705,11
"7352760664",25.330063,-80.99705,13
"7242229180",25.330063,-80.99705,13
"6977161917",25.329287,-80.990524,12
"7167576341",25.330063,-80.99705,13
"4783503387",58.190296,-6.373271,12
"3820366102",52.201767,0.115485,14
"6571661565",38.349464,-81.63666,11
"4502790",43.6603,-79.3772,16
"54801808",35.811787,51.45171,16
"343985743",35.805866,51.429512,16
"2499649335",35.806488,51.42964,16
"3127555588",34.748444,-92.27278,15
"6166927866",45.432175,12.354794,15
"2676105647",54.439636,18.55,11
"2993403560",54.449245,18.553612,16
"6136790119",50.800697,-0.038474,15
"3344235113",38.88836,-77.01991,16
"3235188938",46.278275,6.854953,12
"3231487195",46.278275,6.854953,12
"282795958",40.72612,-73.982155,16
"5512768214",28.298267,-82.704506,16
"2933133731",40.690617,-73.99586,15
"6176109073",48.86881,2.313523,15
"2916293637",25.95816,-80.23878,14
"1284822563",33.9836,51.4475,9
"6354072213",49.18181,-0.366765,16
"6354436563",49.18181,-0.366765,16
"6354590279",49.18181,-0.366765,16
"4446704",33.636272,-117.81571,16
"5192481119",30.039337,-95.39138,15
"6354274951",49.18181,-0.366765,16
"6354166481",49.18181,-0.366765,16
"6354264159",49.18181,-0.366765,16
"6354454415",49.18181,-0.366765,16
"6354507545",49.18181,-0.366765,16
"6354054833",49.18181,-0.366765,16
"6354297309",49.18181,-0.366765,16
"6354400857",49.18181,-0.366765,16
"6354315839",49.18181,-0.366765,16
"6354206915",49.18181,-0.366765,16
"6354309075",49.18181,-0.366765,16
"6354089471",49.18181,-0.366765,16
"5473536526",49.27036,-123.106384,16
"6354407017",49.18181,-0.366765,16
"3149833026",-34.018307,151.06017,14
"476820242",5.972582,80.42576,12
"6834578004",32.442543,-97.78706,16
"2135903650",52.202427,0.11623,16
"6686297387",52.68346,-1.83138,16
"4771719151",50.875916,-0.734882,12
"4634442035",20.625072,-103.32367,10
"3535649593",37.4876,139.83829,2
"51213652",6.198333,-75.57806,16
"180935213",54.985317,-1.586183,16
"4449362737",34.959473,138.82384,12
"4450139658",34.959473,138.82384,12
"4829687892",40.714672,-73.98061,16
"3938071420",40.64615,-73.996994,14
"5369227145",41.39086,2.180807,15
"5223073734",22.283339,114.13825,15
"4375777299",33.864216,-118.2546,12
"4375787761",33.864216,-118.2546,12
"5538391182",18.301332,-78.3385,16
"3551883650",55.657055,12.589141,16
"3549344806",55.657055,12.589141,16
"3210445912",37.9892,23.731895,16
"4067580043",23.03598,70.12642,11
"4087647966",54.597446,-5.919967,16
"3351058348",33.992546,-118.47888,14
"4365919455",45.465015,9.188014,16
"4317927970",37.79628,-122.24844,16
"5416307996",50.878532,4.395046,16
"6180690444",48.86109,2.290403,16
"2971662243",48.3427,-4.442338,13
"4894372150",51.497227,-0.087922,16
"4893777609",51.497715,-0.087311,16
"457063417",28.382868,-81.51254,12
"7175393999",41.801,-111.81267,16
"3823404093",48.841442,2.253055,16
"3838792257",55.868504,-4.290572,15
"3802871315",55.859825,-4.255283,16
"3811535708",55.84734,-4.313916,16
"336675071",55.87253,-4.289828,15
"5934420853",55.84646,-4.316318,14
"4209695468",49.4389,1.097951,16
"3622573052",48.841442,2.253055,16
"3621754111",48.841442,2.253055,16
"7223078704",25.324787,-80.99705,11
"5703700348",48.78848,9.232206,13
"5703121317",48.78848,9.232206,13
"5497519018",48.832664,2.283922,15
"5496924693",48.832664,2.283922,15
"3677416298",32.40171,-86.24598,16
"3955526805",52.482746,-1.892405,16
"4012950970",35.372066,-120.86688,16
"5036546530",52.48062,-1.885432,16
"6247175554",49.384655,8.568048,12
"6522321921",-25.216278,30.322437,12
"2873680746",51.47609,-0.294485,13
"499505830",34.470367,132.48436,16
"2872860767",51.47609,-0.294485,13
"2873631104",51.47609,-0.294485,13
"6448209341",51.523872,-0.158593,16
"4012472150",52.476704,-1.891568,16
"4293690928",42.504192,-89.02641,16
"6157295631",35.364975,-120.85744,16
"6157861000",35.365005,-120.85734,16
"6157316805",35.365005,-120.85734,16
"6157860448",35.365005,-120.85734,16
"5029512904",13.028558,77.663895,12
"2596178633",35.392113,-120.86364,14
"5870931422",52.468018,-1.922661,16
"5870383283",52.467636,-1.922596,16
"5327950327",52.511765,-2.084248,16
"7178629254",50.975113,-2.710586,16
"7178614222",50.975113,-2.710586,16
"5441521876",51.35794,-1.376295,14
"2930117736",33.776745,-84.390976,16
"4465098343",39.772232,-86.14789,16
